{"prem": [0, 0, 0, 0, 0, 0, 0, 0, 0, 0.01, 0.01, 0.01, 0.01, 0.01, 0.01, 0.01, 0.01, 0.01, 0.05, 0.05, 0.05, 0.05, 0.05, 0.05, 0.05, 0.05, 0.05, 0.1, 0.1, 0.1, 0.1, 0.1, 0.1, 0.1, 0.1, 0.1, 0.5, 0.5, 0.5, 0.5, 0.5, 0.5, 0.5, 0.5, 0.5, 1.0, 1.0, 1.0, 1.0, 1.0, 1.0, 1.0, 1.0, 1.0], "gamma": [-1.5, -1.0, -0.5, 0.0, 0.5, 1.0, 1.5, 2.0, 2.5, -1.5, -1.0, -0.5, 0.0, 0.5, 1.0, 1.5, 2.0, 2.5, -1.5, -1.0, -0.5, 0.0, 0.5, 1.0, 1.5, 2.0, 2.5, -1.5, -1.0, -0.5, 0.0, 0.5, 1.0, 1.5, 2.0, 2.5, -1.5, -1.0, -0.5, 0.0, 0.5, 1.0, 1.5, 2.0, 2.5, -1.5, -1.0, -0.5, 0.0, 0.5, 1.0, 1.5, 2.0, 2.5], "frac_conv_runs": [0.0, 0.1, 0.0, 0.3, 1.0, 1.0, 1.0, 0.1, 0.0, 0.0, 0.0, 0.1, 0.1, 1.0, 1.0, 1.0, 0.1, 0.0, 0.0, 0.0, 0.0, 0.1, 0.8, 0.8, 0.9, 0.3, 0.0, 0.0, 0.0, 0.0, 0.0, 0.2, 0.2, 0.0, 0.0, 0.0, 0.0, 0.0, 0.0, 0.0, 0.0, 0.0, 0.0, 0.0, 0.0, 0.0, 0.0, 0.0, 0.0, 0.0, 0.0, 0.0, 0.0, 0.0], "first_conv_ts": [-999, 763.0, -999, 816.6666666666666, 863.3, 849.0, 1009.5, 1616.0, -999, -999, -999, 809.0, 813.0, 857.5, 860.4, 935.9, 1347.0, -999, -999, -999, -999, 870.0, 863.625, 877.625, 925.8888888888889, 1491.3333333333333, -999, -999, -999, -999, -999, 923.5, 839.5, -999, -999, -999, -999, -999, -999, -999, -999, -999, -999, -999, -999, -999, -999, -999, -999, -999, -999, -999, -999, -999]}